<?xml version="1.0" encoding="UTF-8" standalone="yes"?>
<addon id="plugin.video.mtl" name="MTL" version="1.2.2" provider-name="oho">
    <requires>
        <import addon="xbmc.python" version="3.0.1"/>
        <import addon="script.module.requests" version="2.12.4"/>
    </requires>

    <extension point="xbmc.python.pluginsource" library="default.py">
        <provides>video</provides>
    </extension>


    <extension point="xbmc.addon.metadata">
        <reuselanguageinvoker>false</reuselanguageinvoker>
        <summary lang="de_de">MTL</summary>
        <summary lang="eng">MTL</summary>
        <description>
            Erstelle Listen aus Sendungen der ARD und ZDF Mediathek und lasse dir die neusten Sendungen anzeigen. 
             - Inklusive Suchfunktion
             - Resume Points
             ----------------------------------
             - v1.2.0: add resume points
             - v1.2.1: Listing content tvshow
        </description>
        <disclaimer lang="de_de"></disclaimer>
        <platform>all</platform>
        <assets>
			<icon>resources/images/icon.png</icon>
			<fanart>resources/images/fanart.png</fanart>
		</assets>
    </extension>
</addon>
