<?xml version="1.0" encoding="UTF-8" standalone="yes"?>
<addon id="repository.7haar" name="OHO Repository" version="0.1" provider-name="oho">
    <extension point="xbmc.addon.repository" name="OHO Repository">
        <dir>
            <info compressed="false">https://raw.githubusercontent.com/7haar/schnitte_kodi_addons/refs/heads/master/addons.xml.md5</info>
            <checksum>https://raw.githubusercontent.com/7haar/schnitte_kodi_addons/refs/heads/master/addons.xml.md5</checksum>
            <datadir zip="true">https://raw.githubusercontent.com/7haar/schnitte_kodi_addons/refs/heads/master/</datadir>
        </dir>
    </extension>
    <extension point="xbmc.addon.metadata">
        <summary>Oho Repo</summary>
        <description>A repository of Oho.</description>
        <disclaimer></disclaimer>
        <platform>all</platform>
        <assets>
            <icon>icon.png</icon>
        </assets>
    </extension>
</addon>