<?xml version="1.0" encoding="UTF-8" standalone="yes"?>
<addon id="repository.7haar" name="7haar repo" version="0.0.1" provider-name="7haar">
	<extension point="xbmc.addon.repository" name="7haar Repository">
		<info compressed="true">https://raw.githubusercontent.com/7haar/schnitte_kodi_addons/master/addons.xml</info>
		<checksum>https://raw.githubusercontent.com/7haar/schnitte_kodi_addons/master/addons.xml.md5</checksum>
		<datadir zip="true">https://raw.githubusercontent.com/7haar/schnitte_kodi_addons/master/</datadir>
	</extension>
	<extension point="xbmc.addon.metadata">
		<summary>Install Add-ons from 7haar's Addon Repository</summary>
		<description>Several Add-ons for XBMC</description>
		<disclaimer></disclaimer>
		<platform>all</platform>
	</extension>
</addon>